station_code,station_name,latitude,longitude,zone,division,platform_count
NDLS,New Delhi,28.6430,77.2194,NR,Delhi,16
MTJ,Mathura Junction,27.4924,77.6737,NCR,Agra,8
BTE,Bharatpur Junction,27.2152,77.4930,WCR,Kota,4
GGC,Gangapur City,26.4714,76.7196,WCR,Kota,3
SWM,Sawai Madhopur Junction,25.9934,76.3688,WCR,Kota,4
KOTA,Kota Junction,25.2138,75.8648,WCR,Kota,7
RATL,Ratlam Junction,23.3441,75.0360,WR,Ratlam,6
BRC,Vadodara Junction,22.3107,73.1926,WR,Vadodara,10
MMCT,Mumbai Central,18.9696,72.8193,WR,Mumbai,8
