train_id,station_code,sequence_number,scheduled_arrival,scheduled_departure,day_offset,distance_from_source,halt_minutes
12952,NDLS,1,,16:25:00,0,0.0,0
12952,MTJ,2,18:39:00,18:41:00,0,141.0,2
12952,BTE,3,19:07:00,19:09:00,0,175.0,2
12952,GGC,4,20:22:00,20:24:00,0,294.0,2
12952,SWM,5,21:03:00,21:05:00,0,358.0,2
12952,KOTA,6,22:11:00,22:16:00,0,466.0,5
12952,RATL,7,01:05:00,01:10:00,1,732.0,5
12952,BRC,8,04:37:00,04:40:00,1,993.0,3
12952,MMCT,9,07:40:00,,1,1385.0,0
12413,NDLS,1,,07:30:00,0,0.0,0
12413,MTJ,2,09:48:00,09:50:00,0,141.0,2
12413,BTE,3,10:17:00,10:19:00,0,175.0,2
12413,GGC,4,11:32:00,11:34:00,0,294.0,2
12413,SWM,5,12:15:00,12:17:00,0,358.0,2
12413,KOTA,6,13:25:00,13:30:00,0,466.0,5
12413,RATL,7,16:25:00,16:30:00,0,732.0,5
12413,BRC,8,20:00:00,20:03:00,0,993.0,3
12413,MMCT,9,23:05:00,,0,1385.0,0
19020,NDLS,1,,23:15:00,0,0.0,0
19020,MTJ,2,01:22:00,01:24:00,1,141.0,2
19020,BTE,3,01:51:00,01:53:00,1,175.0,2
19020,GGC,4,03:14:00,03:16:00,1,294.0,2
19020,SWM,5,04:03:00,04:05:00,1,358.0,2
19020,KOTA,6,05:22:00,05:27:00,1,466.0,5
19020,RATL,7,08:42:00,08:47:00,1,732.0,5
19020,BRC,8,12:30:00,12:33:00,1,993.0,3
19020,MMCT,9,16:20:00,,1,1385.0,0
12988,NDLS,1,,06:10:00,0,0.0,0
12988,MTJ,2,08:23:00,08:25:00,0,141.0,2
12988,BTE,3,08:52:00,08:54:00,0,175.0,2
12988,GGC,4,10:08:00,10:10:00,0,294.0,2
12988,SWM,5,10:52:00,10:54:00,0,358.0,2
12988,KOTA,6,12:06:00,12:11:00,0,466.0,5
12988,RATL,7,15:16:00,15:21:00,0,732.0,5
12988,BRC,8,19:00:00,19:03:00,0,993.0,3
12988,MMCT,9,22:15:00,,0,1385.0,0
12910,NDLS,1,,21:30:00,0,0.0,0
12910,MTJ,2,23:42:00,23:44:00,0,141.0,2
12910,BTE,3,00:12:00,00:14:00,1,175.0,2
12910,GGC,4,01:35:00,01:37:00,1,294.0,2
12910,SWM,5,02:22:00,02:24:00,1,358.0,2
12910,KOTA,6,03:44:00,03:49:00,1,466.0,5
12910,RATL,7,07:14:00,07:19:00,1,732.0,5
12910,BRC,8,11:10:00,11:13:00,1,993.0,3
12910,MMCT,9,15:05:00,,1,1385.0,0
