event_id,station_code,condition,intensity,visibility_m,wind_kmph,temp_celsius,started_at,ended_at,is_active,description
8b265711-3d7e-433f-bd31-10c4b398b959,MMCT,FOG,MODERATE,1471,72.4,33.9,2026-04-04T09:00:00+00:00,2026-04-04T17:00:00+00:00,False,MODERATE fog near MMCT lasting ~8h
f6fad58d-21c0-4d67-9ba6-cd12c1cf7fdf,SWM,RAIN,LIGHT,7137,46.6,15.9,2026-04-06T07:00:00+00:00,2026-04-06T08:00:00+00:00,False,LIGHT rain near SWM lasting ~1h
f229a091-c1fa-44f0-a3d1-9aa2c55ea41c,MTJ,STORM,HEAVY,4548,52.2,37.4,2026-04-09T09:00:00+00:00,2026-04-09T12:00:00+00:00,False,HEAVY storm near MTJ lasting ~3h
bcc80f87-12ed-4bf5-a4a5-28c31b1bc394,SWM,RAIN,LIGHT,6645,39.8,30.1,2026-04-12T09:00:00+00:00,2026-04-12T16:00:00+00:00,False,LIGHT rain near SWM lasting ~7h
9442a378-5233-480d-a441-565aa1ceb88d,KOTA,STORM,HEAVY,4460,48.5,36.8,2026-04-13T13:00:00+00:00,2026-04-13T17:00:00+00:00,False,HEAVY storm near KOTA lasting ~4h
4cc85671-35d9-4cec-9b1c-a8213e0b5cfe,NDLS,FOG,MODERATE,959,44.4,33.4,2026-04-14T18:00:00+00:00,2026-04-15T02:00:00+00:00,False,MODERATE fog near NDLS lasting ~8h
46a28d78-c711-4c6e-ad33-fc5e234654cf,SWM,RAIN,LIGHT,4116,12.8,21.6,2026-04-15T00:00:00+00:00,2026-04-15T01:00:00+00:00,False,LIGHT rain near SWM lasting ~1h
5757fbd4-dfcb-46ae-ad27-6081a9a0c132,NDLS,FOG,MODERATE,1689,34.2,22.5,2026-04-17T00:00:00+00:00,2026-04-17T08:00:00+00:00,False,MODERATE fog near NDLS lasting ~8h
b428802a-a5a3-4362-a29e-1b0697a51a87,RATL,RAIN,LIGHT,8520,53.1,11.0,2026-04-24T22:00:00+00:00,2026-04-25T01:00:00+00:00,False,LIGHT rain near RATL lasting ~3h
d569092c-0446-453f-8b03-f059a2bd16e6,SWM,RAIN,LIGHT,4675,32.7,14.5,2026-05-05T08:00:00+00:00,2026-05-05T09:00:00+00:00,False,LIGHT rain near SWM lasting ~1h
00f95d95-d705-4ff6-9c70-1378758f2c00,GGC,STORM,HEAVY,7325,77.4,14.9,2026-05-09T13:00:00+00:00,2026-05-09T17:00:00+00:00,False,HEAVY storm near GGC lasting ~4h
1d134810-e4c6-4346-a978-b881b6084812,NDLS,FOG,MODERATE,1531,65.1,23.6,2026-05-21T14:00:00+00:00,2026-05-21T15:00:00+00:00,False,MODERATE fog near NDLS lasting ~1h
65951600-8b2c-4cc3-bb0e-a84dde2cf12b,BRC,FOG,MODERATE,1711,46.6,16.9,2026-05-24T03:00:00+00:00,2026-05-24T09:00:00+00:00,False,MODERATE fog near BRC lasting ~6h
d385d091-9f00-42b7-a6b3-a8166c8b306f,KOTA,STORM,HEAVY,8774,72.2,15.1,2026-06-01T14:00:00+00:00,2026-06-01T16:00:00+00:00,False,HEAVY storm near KOTA lasting ~2h
f7052bb8-253e-4d64-8376-95f70a9a1a07,RATL,RAIN,LIGHT,5437,39.3,20.7,2026-06-07T12:00:00+00:00,2026-06-07T19:00:00+00:00,False,LIGHT rain near RATL lasting ~7h
58599af8-c82a-473e-ac5d-4318e3997cc2,BRC,FOG,MODERATE,1518,30.3,26.8,2026-06-12T03:00:00+00:00,2026-06-12T04:00:00+00:00,False,MODERATE fog near BRC lasting ~1h
007156f8-110a-4c7a-917f-9659bfc976aa,RATL,FOG,MODERATE,381,30.9,23.5,2026-06-18T11:00:00+00:00,2026-06-18T17:00:00+00:00,False,MODERATE fog near RATL lasting ~6h
c824aa84-1218-492d-8280-0fcec8f08619,KOTA,STORM,HEAVY,6386,8.5,26.5,2026-06-23T20:00:00+00:00,2026-06-24T01:00:00+00:00,False,HEAVY storm near KOTA lasting ~5h
4c8e6b49-947e-461e-a0dd-58ed7e0797f6,RATL,STORM,HEAVY,8159,5.8,18.1,2026-06-24T21:00:00+00:00,2026-06-25T01:00:00+00:00,False,HEAVY storm near RATL lasting ~4h
df54a12c-aa77-4c9a-acb2-f7018aa39996,BTE,FOG,MODERATE,1206,33.0,14.2,2026-06-25T18:00:00+00:00,2026-06-26T02:00:00+00:00,False,MODERATE fog near BTE lasting ~8h
45c2b227-3c4c-4cac-9311-a1d7f1acf288,GGC,FOG,MODERATE,119,47.4,19.0,2026-06-28T18:00:00+00:00,2026-06-28T22:00:00+00:00,False,MODERATE fog near GGC lasting ~4h
4f5259e5-388d-4fe4-97c5-9c1477c36533,BRC,RAIN,LIGHT,8829,60.2,38.6,2026-06-29T11:00:00+00:00,2026-06-29T16:00:00+00:00,False,LIGHT rain near BRC lasting ~5h
83d60062-7c18-4733-abdc-b23990362e69,SWM,FOG,MODERATE,781,60.2,14.7,2026-07-02T10:00:00+00:00,2026-07-02T17:00:00+00:00,False,MODERATE fog near SWM lasting ~7h
2873ec13-8f84-4520-b37f-c02e7e6f5d83,NDLS,STORM,HEAVY,3171,56.2,24.8,2026-07-05T10:00:00+00:00,2026-07-05T11:00:00+00:00,False,HEAVY storm near NDLS lasting ~1h
d6822c17-c340-4b5e-9c2b-a5b6defc3d84,RATL,FOG,MODERATE,1692,49.6,28.4,2026-07-07T12:00:00+00:00,2026-07-07T14:00:00+00:00,False,MODERATE fog near RATL lasting ~2h
895b6209-7d52-4230-93aa-064c9f79732d,GGC,STORM,HEAVY,6346,61.6,16.0,2026-07-08T13:00:00+00:00,2026-07-08T18:00:00+00:00,False,HEAVY storm near GGC lasting ~5h
07f08558-9ae9-4e7e-a736-8a9706b1e124,RATL,FOG,MODERATE,896,76.5,31.5,2026-07-09T13:00:00+00:00,2026-07-09T17:00:00+00:00,False,MODERATE fog near RATL lasting ~4h
b1e50c04-5ff9-45c3-a3e6-79f55f8e4099,BRC,RAIN,LIGHT,7864,74.2,28.3,2026-07-11T05:00:00+00:00,2026-07-11T12:00:00+00:00,False,LIGHT rain near BRC lasting ~7h
9b80c63f-8c4b-4c53-b374-3b24d37d612f,BTE,STORM,HEAVY,4928,69.1,32.6,2026-07-12T12:00:00+00:00,2026-07-12T14:00:00+00:00,False,HEAVY storm near BTE lasting ~2h
36b8c751-e11c-428a-a498-ab4bad9236de,BTE,RAIN,LIGHT,8512,38.3,36.3,2026-07-18T10:00:00+00:00,2026-07-18T13:00:00+00:00,False,LIGHT rain near BTE lasting ~3h
139050a0-1554-47b4-9705-8dadbe707756,NDLS,STORM,HEAVY,9635,30.3,20.3,2026-07-19T15:00:00+00:00,2026-07-19T21:00:00+00:00,False,HEAVY storm near NDLS lasting ~6h
a3ca31ae-a794-4952-a99f-9e58eb255744,SWM,STORM,HEAVY,5620,43.7,28.9,2026-07-20T02:00:00+00:00,2026-07-20T09:00:00+00:00,False,HEAVY storm near SWM lasting ~7h
218fe81c-9da6-4c29-8f68-c8747c296c20,GGC,STORM,HEAVY,6305,39.6,24.0,2026-07-22T03:00:00+00:00,2026-07-22T07:00:00+00:00,False,HEAVY storm near GGC lasting ~4h
4aa68844-c2a1-4b86-b709-f06afe00e963,MTJ,RAIN,LIGHT,2829,23.1,36.8,2026-07-23T05:00:00+00:00,2026-07-23T06:00:00+00:00,False,LIGHT rain near MTJ lasting ~1h
61e98775-9da3-4a81-a40e-d08564217bc4,BTE,STORM,HEAVY,9664,72.3,10.5,2026-07-27T21:00:00+00:00,2026-07-27T23:00:00+00:00,False,HEAVY storm near BTE lasting ~2h
d0797968-5f33-4905-854c-bb119e884b4c,KOTA,RAIN,LIGHT,5363,54.7,25.4,2026-08-01T05:00:00+00:00,2026-08-01T09:00:00+00:00,False,LIGHT rain near KOTA lasting ~4h
d8b39884-4df6-4e61-b04c-cba10e6a1fb4,NDLS,STORM,HEAVY,3981,27.9,34.9,2026-08-02T21:00:00+00:00,2026-08-02T22:00:00+00:00,False,HEAVY storm near NDLS lasting ~1h
e4f14626-a7e6-4ea4-9d0f-5d8b362f900a,GGC,FOG,MODERATE,1872,73.7,20.3,2026-08-05T02:00:00+00:00,2026-08-05T03:00:00+00:00,False,MODERATE fog near GGC lasting ~1h
a544fa0f-0f04-40df-abbb-67fe3697529b,BRC,STORM,HEAVY,7694,70.3,28.3,2026-08-12T00:00:00+00:00,2026-08-12T02:00:00+00:00,False,HEAVY storm near BRC lasting ~2h
b72f3b29-3a41-415e-b3de-dfdae1ced1f5,BRC,RAIN,LIGHT,2157,49.8,21.9,2026-08-20T02:00:00+00:00,2026-08-20T10:00:00+00:00,False,LIGHT rain near BRC lasting ~8h
b4782eac-dc0a-49ea-b6f2-729d04eaf13a,NDLS,FOG,MODERATE,927,59.7,15.2,2026-08-21T22:00:00+00:00,2026-08-22T04:00:00+00:00,False,MODERATE fog near NDLS lasting ~6h
f5510e54-a1d3-423f-a99c-4107dfe9fcb2,NDLS,FOG,MODERATE,809,39.0,39.3,2026-08-24T16:00:00+00:00,2026-08-24T17:00:00+00:00,False,MODERATE fog near NDLS lasting ~1h
65be3e77-7150-48a5-af2c-36f18d24cf9a,NDLS,RAIN,LIGHT,2603,30.8,37.2,2026-08-28T09:00:00+00:00,2026-08-28T14:00:00+00:00,False,LIGHT rain near NDLS lasting ~5h
72e7f6b3-936d-46e5-b889-a99950d54f4f,KOTA,STORM,HEAVY,6070,33.0,15.0,2026-08-31T14:00:00+00:00,2026-08-31T17:00:00+00:00,False,HEAVY storm near KOTA lasting ~3h
59852367-0379-4a55-9955-41a4a766f792,MTJ,RAIN,LIGHT,8736,74.1,16.8,2026-09-03T10:00:00+00:00,2026-09-03T13:00:00+00:00,False,LIGHT rain near MTJ lasting ~3h
09160cd5-3c88-4b01-be67-7c8bbb964316,GGC,STORM,HEAVY,7754,60.6,40.9,2026-09-07T15:00:00+00:00,2026-09-07T22:00:00+00:00,False,HEAVY storm near GGC lasting ~7h
7e430845-510d-4e07-b6b3-6e7d28fd6cc3,GGC,FOG,MODERATE,1801,63.2,17.3,2026-09-09T08:00:00+00:00,2026-09-09T12:00:00+00:00,False,MODERATE fog near GGC lasting ~4h
12518a58-bffe-460d-a63a-f8167120199b,BTE,RAIN,LIGHT,6139,26.2,23.4,2026-09-19T03:00:00+00:00,2026-09-19T08:00:00+00:00,False,LIGHT rain near BTE lasting ~5h
dce442d6-40a9-4d40-8e4d-4d58fd7ea08d,KOTA,STORM,HEAVY,6498,32.9,36.3,2026-09-28T10:00:00+00:00,2026-09-28T18:00:00+00:00,False,HEAVY storm near KOTA lasting ~8h
